{"stats":{"minecraft:custom":{"minecraft:jump":23,"minecraft:time_since_rest":8663,"minecraft:leave_game":1,"minecraft:sprint_one_cm":6168,"minecraft:play_time":8663,"minecraft:time_since_death":8663,"minecraft:walk_one_cm":13506,"minecraft:sneak_time":68,"minecraft:total_world_time":8663,"minecraft:drop":1,"minecraft:talked_to_villager":5,"minecraft:fall_one_cm":1045,"minecraft:fly_one_cm":63274},"minecraft:dropped":{"minecraft:lever":1},"minecraft:picked_up":{"minecraft:lever":1},"minecraft:used":{"minecraft:lever":2,"conquest:rounded_chest":1,"bosses_of_mass_destruction:mob_ward":1,"conquest:steam":1,"conquest:owl":1,"structure_gel:building_tool":2,"minecraft:command_block":2,"minecraft:grass_block":1}},"DataVersion":2975}