{
  "bosses_of_mass_destruction:recipes/levitation_block": {
    "criteria": {
      "has_blazing_eye": "2024-10-26 15:25:33 +0000"
    },
    "done": true
  },
  "conq_medieval_arms:recipes/combat/black_coif": {
    "criteria": {
      "has_leather_helmet": "2024-10-26 15:24:13 +0000"
    },
    "done": true
  },
  "betterdungeons:root": {
    "criteria": {
      "always": "2024-10-26 15:20:12 +0000"
    },
    "done": true
  },
  "conq_medieval_arms:recipes/combat/peasants_coif": {
    "criteria": {
      "has_leather_helmet": "2024-10-26 15:24:13 +0000"
    },
    "done": true
  },
  "mowziesmobs:root": {
    "criteria": {
      "custom_test_name": "2024-10-26 15:20:12 +0000"
    },
    "done": true
  },
  "bosses_of_mass_destruction:recipes/blast_amplifier": {
    "criteria": {
      "has_blazing_eye": "2024-10-26 15:25:33 +0000"
    },
    "done": true
  },
  "minecraft:adventure/adventuring_time": {
    "criteria": {
      "minecraft:ocean": "2024-10-26 15:25:57 +0000",
      "minecraft:plains": "2024-10-26 15:20:12 +0000"
    },
    "done": false
  },
  "DataVersion": 2975
}